Tamaño,Clásica,Bloques
100,0.003648,0.003653
500,0.448929,0.451528
1000,4.26776,3.6734
1500,17.9813,12.6416
2000,34.3688,30.5144

