Tamaño,Time Row-Major,Time Column-Major
100,7.3e-05,8e-05
500,0.000776,0.000882
1000,0.003165,0.006541
5000,0.077773,0.183917
10000,0.31106,0.979353
